{
  "version": "7",
  "dialect": "postgresql",
  "entries": [
    {
      "idx": 0,
      "version": "7",
      "when": 1746484913755,
      "tag": "0000_long_madripoor",
      "breakpoints": true
    },
    {
      "idx": 1,
      "version": "7",
      "when": 1746663422900,
      "tag": "0001_hesitant_baron_zemo",
      "breakpoints": true
    },
    {
      "idx": 2,
      "version": "7",
      "when": 1746825324330,
      "tag": "0002_mysterious_luminals",
      "breakpoints": true
    }
  ]
}